{"cameraMode":{"drawMode":0,"name":"Shaded","section":"Shading Mode"},"sceneLighting":false,"audioPlay":false,"sceneViewState":{"showFog":false,"showMaterialUpdate":false,"showSkybox":false,"showFlares":true,"showImageEffects":true,"showParticleSystems":false},"in2DMode":false,"pivot":{"x":-0.49000000953674319,"y":0.31267625093460085,"z":0.9500000476837158},"rotation":{"x":-0.1217932403087616,"y":-0.13888631761074067,"z":0.017186110839247705,"w":-0.9826627969741821},"size":2.3853771686553957,"orthographic":false}