{"cameraMode":{"drawMode":0,"name":"Shaded","section":"Shading Mode"},"sceneLighting":true,"audioPlay":false,"sceneViewState":{"showFog":false,"showMaterialUpdate":false,"showSkybox":true,"showFlares":true,"showImageEffects":true,"showParticleSystems":false},"in2DMode":false,"pivot":{"x":-0.353971391916275,"y":11.328730583190918,"z":-10.561980247497559},"rotation":{"x":-0.3072395622730255,"y":-0.012286786921322346,"z":0.0039453585632145409,"w":-0.9515712857246399},"size":12.375007629394532,"orthographic":false}