{"cameraMode":{"drawMode":0,"name":"Shaded","section":"Shading Mode"},"sceneLighting":true,"audioPlay":false,"sceneViewState":{"showFog":false,"showMaterialUpdate":false,"showSkybox":true,"showFlares":true,"showImageEffects":true,"showParticleSystems":false},"in2DMode":false,"pivot":{"x":1.037683367729187,"y":1.3435324430465699,"z":11.086596488952637},"rotation":{"x":-0.20156049728393556,"y":-0.11227452009916306,"z":0.02324172668159008,"w":-0.9727681875228882},"size":12.375007629394532,"orthographic":false}