{"cameraMode":{"drawMode":0,"name":"Shaded","section":"Shading Mode"},"sceneLighting":false,"audioPlay":false,"sceneViewState":{"showFog":false,"showMaterialUpdate":false,"showSkybox":false,"showFlares":true,"showImageEffects":true,"showParticleSystems":false},"in2DMode":false,"pivot":{"x":-0.37199997901916506,"y":0.31267625093460085,"z":-0.0689999982714653},"rotation":{"x":-0.21093565225601197,"y":-0.14108681678771974,"z":0.03075563907623291,"w":-0.9667984843254089},"size":2.3668155670166017,"orthographic":false}